bookid,title,year,text
OL1001,The Decline of Ancient Houses,1756,"""The corridors of Blackwood Manor stood silent as generations of portraits gazed upon the last of their line. How strange that a family of such prominence should fade so utterly from memory."""
OL1002,Letters from Vienna,1788,"""The winter of 1787 proved most severe for those without means or station. I watched from my carriage as the poor huddled in doorways"," their faces hollow with hunger."""
OL1003,A Treatise on Modern Agriculture,1792,"""The common practice of crop rotation has shown remarkable improvements in yield across the shires. No farmer of sense would now plant the same crop in consecutive seasons."""
OL1004,Voyages to the Southern Continent,1774,"""Our ship encountered tremendous storms as we rounded the Cape of Good Hope. The men spoke in hushed tones of sea monsters lurking beneath the waves."""
OL1005,Collected Poems of Eleanor Wright,1803,"""The mountains of my homeland rise like sentinels against the sky. Their ancient stones have witnessed a thousand years of human folly."""
OL1006,The Lancashire Weaver's Tale,1811,"""The cotton mills transformed our quiet village into a place of noise and soot. Children as young as six labored from dawn until dusk"," their small fingers nimble among the dangerous machines."""
OL1007,Reminiscences of Court Life,1799,"""Queen Charlotte maintained a strict protocol that many found stifling. I recall one unfortunate diplomat who addressed Her Majesty before being properly presented."""
OL1008,The Gentleman's Guide to London,1762,"""Covent Garden offers entertainments of every variety"," though gentlemen of quality should avoid the western end after nightfall. The coffee houses of Fleet Street provide the latest political discourse and pamphlets."""
OL1009,Principles of Natural Philosophy,1785,"""The movement of celestial bodies follows laws as precise as mathematics itself. When we observe the night sky"," we witness the perfect clockwork of creation."""
OL1010,The History of the American Rebellion,1782,"""General Washington's crossing of the Delaware proved the turning point in the colonial conflict. The British commanders greatly underestimated both the resolve and resourcefulness of their former subjects."""
OL1011,Botanical Observations in India,1805,"""The variety of orchid specimens in the Bengal region exceeds anything known in Europe. Their delicate structures suggest adaptations to specific insect pollinators."""
OL1012,Memoirs of a Country Physician,1818,"""Fever claimed twenty-three souls in our parish during the terrible summer of 1816. I exhausted every treatment known to medical science"," yet still they perished."""
OL1013,A Modern History of Europe,1795,"""Napoleon's rise exemplifies how revolution devours its children. The ideals of liberty and fraternity gave way to a new emperor within a mere decade."""
OL1014,The Art of Domesticity,1827,"""A well-managed household reflects the moral character of its mistress. Servants respond to firm but fair governance and clear expectations."""
OL1015,Gothic Tales and Mysteries,1813,"""The countess insisted the north wing had been sealed for fifty years", yet I distinctly heard footsteps behind the wainscoting. When the full moon illuminated the gardens," I observed a figure in white moving among the yew trees."""
OL1016,Lectures on Political Economy,1776,"""The invisible hand of the market allocates resources more efficiently than any central authority. When men pursue their own interests"," they often promote society's welfare more effectively than when they intend to promote it."""
OL1017,The Naval Chronicle,1809,"""Admiral Nelson's tactics at Trafalgar fundamentally changed maritime warfare. His decision to break the enemy line in two places demonstrated both courage and tactical brilliance."""
OL1018,Explorations in North America,1795,"""The native tribes of the Ohio River Valley demonstrated sophisticated agricultural techniques. Their methods of corn cultivation maximized yields in variable climate conditions."""
OL1019,Observations on Modern Society,1787,"""The coffee houses of Paris buzz with revolutionary sentiment and dangerous ideas. I have heard openly seditious conversations that would result in immediate arrest only a decade prior."""
OL1020,A Practical Guide to Husbandry,1779,"""The rotation of turnips with grain crops has doubled yields on my estate within three seasons. This practice also significantly improves soil quality for subsequent plantings."""
OL1021,Sketches of Rural England,1821,"""The harvest festival brought together all classes in rare harmony for a fortnight. Even the squire and the radical weaver shared ale and conversation beneath the ancient oak."""
OL1022,The Complete Angler's Companion,1784,"""Trout fishing requires patience above all other virtues. The careful observation of insect hatches will reward the angler with knowledge no book can provide."""
OL1023,Medical Observations and Inquiries,1799,"""The miasma theory explains the prevalence of ague in marshy regions. Drainage projects in Essex have notably reduced fever cases among the local population."""
OL1024,An Account of Iceland,1789,"""The volcanic springs of Iceland produce water hot enough to cook an egg in minutes. The locals have developed ingenious methods to harness this natural phenomenon for cooking and bathing."""
OL1025,Studies in Ancient Languages,1803,"""The relationship between Sanskrit and European tongues suggests a common ancestral language. Certain root words appear with only minor variations across seemingly unrelated tongues."""
OL1026,Letters to a Young Gentleman,1771,"""Character", sir," is formed through habitual right action and self-discipline. A young man without principles is like a ship without a rudder."""
OL1027,Architecture of the Classical Revival,1815,"""The Greek revival represents a return to rational principles in building design. Proportion and harmony", not mere ornament," create true architectural beauty."""
OL1028,A Journey Through Spain,1773,"""The Alhambra stands as testament to mathematical precision in architectural design. Its intricate patterns reveal the sophisticated geometry developed by Islamic scholars."""
OL1029,Essays on Modern Manufacturing,1791,"""The division of labor in pin making has increased production tenfold in a generation. What once required the skill of a single craftsman now proceeds as a series of simple operations performed by unskilled workers."""
OL1030,The Philosophy of the Mind,1823,"""Consciousness arises from the organization of matter in ways we have yet to understand. The notion that thought requires an immaterial soul becomes increasingly difficult to maintain."""
OL1031,Astronomical Observations,1781,"""The transit of Venus provides crucial data for calculating the dimensions of our solar system. Observations from widely separated geographical points allow for triangulation of remarkable precision."""
OL1032,Principles of Chemistry,1808,"""The atomic theory explains the fixed proportions observed in chemical reactions. Elements combine in simple whole-number ratios because they are composed of indivisible particles."""
OL1033,A Natural History of Birds,1766,"""The migration patterns of European swallows remain a subject of debate among natural philosophers. Some still maintain they hibernate in mud at the bottom of ponds"," despite evidence of their African wintering grounds."""
OL1034,The Collected Letters of Thomas Harrington,1802,"""My time in India altered my perception of civilization irrevocably. The sophistication of Delhi and Calcutta rivaled London in many respects"," though with customs entirely foreign to European sensibilities."""
OL1035,Reflections on the French Revolution,1797,"""The terror that followed the initial revolutionary fervor reveals the dangerous nature of mob rule. When ancient institutions are swept away without consideration"," chaos inevitably follows."""
OL1036,A Survey of British Manufacturing,1822,"""The power loom has transformed textile production from a cottage industry to factory-based enterprise. Villages that once echoed with the sound of hand looms now send their sons and daughters to the mills."""
OL1037,The Modern Gardener's Directory,1780,"""Formal gardens in the French style have given way to more naturalistic English designs. The landscape should appear untouched by human hands"," though in reality every vista is carefully planned."""
OL1038,Collected Sermons,1763,"""The decline in church attendance reflects a dangerous moral laxity in our age. When the Sabbath becomes merely another day for commerce and recreation"," society loses its moral compass."""
OL1039,Travels in the Ottoman Empire,1787,"""The Sultan's court maintains traditions unchanged since the conquest of Constantinople. I observed diplomatic protocols dating to medieval times still observed with rigorous precision."""
OL1040,A History of the Plague Years,1791,"""The Great Plague claimed nearly a quarter of London's population in a single summer. Parish records show entire families vanishing within days of the first symptoms appearing."""
OL1041,Practical Mathematics for Merchants,1774,"""The calculation of compound interest requires careful attention to decimal places. Many a business has faltered through imprecise accounting practices."""
OL1042,The Scottish Highlands,1818,"""The clearances have transformed the glens from populated communities to vast sheep runs. Where once a hundred families lived in modest comfort"," now a single shepherd tends thousands of sheep."""
OL1043,On the Education of Young Ladies,1801,"""A woman's education should develop her mind without rendering her unfit for domestic duties. Latin and Greek are unnecessary", but history, modern languages," and natural philosophy cultivate judgment."""
OL1044,Modern Theories of Electricity,1819,"""The relationship between electrical and magnetic phenomena suggests a fundamental unity. Oersted's recent experiments demonstrate that electrical currents create magnetic fields."""
OL1045,A Practical Guide to Brewing,1775,"""The quality of water significantly affects the character of the finished beer. London porters owe their distinctive flavor partly to the mineral content of Thames water."""
OL1046,Studies in Shakespeare,1817,"""The Bard's female characters display a psychological depth unmatched by his contemporaries. Portia's intelligence and agency challenge the conventional limitations placed on women."""
OL1047,The Rise of Banking Houses,1810,"""The Rothschild family's international connections enabled unprecedented financial operations across national boundaries. Their coordination during the Napoleonic Wars demonstrated the power of modern banking."""
OL1048,Geology of the British Isles,1824,"""The stratification of rock layers suggests an Earth far older than biblical chronology allows. Fossils found in deeper strata represent creatures no longer found among the living."""
OL1049,The Art of Miniature Painting,1796,"""The finest brushes are made from the tail hairs of Russian squirrels. A steady hand and patience are the artist's most essential tools when working at such diminutive scale."""
OL1050,A Naval Officer's Journal,1805,"""We encountered the French fleet off Finisterre in heavy fog. By the time visibility improved", they had formed their line of battle," and we prepared for engagement."""
OL1051,Essays on Parliamentary Reform,1831,"""The rotten boroughs represent a mockery of representative government and democratic principles. That Old Sarum", with no residents," returns two members to Parliament while Manchester has none exposes the system's absurdity."""
OL1052,The Industrial Revolution,1835,"""The steam engine has transformed not merely manufacturing but the very landscape of Britain. Railways now connect cities at speeds that would have seemed miraculous to our grandfathers."""
OL1053,A Treatise on Political Economy,1798,"""National wealth derives not from gold reserves but productive capacity. Spain's decline despite New World treasure illustrates this principle with painful clarity."""
OL1054,Botanical Studies of North America,1799,"""The diversity of plant life in the Appalachian region exceeds European expectations. Many species offer medicinal properties unknown to Old World pharmacology."""
OL1055,The Modern Housewife's Companion,1833,"""A well-stocked pantry prepares one for unexpected guests and household emergencies. Prudent seasonal preserving ensures year-round variety at the family table."""
OL1056,Studies in Ancient History,1781,"""The fall of Rome offers cautionary lessons for modern empires. Decadence", corruption," and overextension preceded the barbarian invasions that merely delivered the final blow."""
OL1057,The Principles of Moral Philosophy,1770,"""Virtue arises not from divine command but from social utility. Actions that promote the greatest happiness for the greatest number naturally align with moral intuition."""
OL1058,A Survey of British Poetry,1820,"""Wordsworth's celebration of nature represents a reaction against industrial urbanization. His pastoral visions offer spiritual renewal to readers trapped in smoky cities."""
OL1059,Treatise on Optics,1816,"""The wave theory of light explains diffraction phenomena that corpuscular theories cannot address. Newton's authority delayed acceptance of this superior model for generations."""
OL1060,Military Campaigns of the Peninsula War,1821,"""Wellington's defensive tactics at Torres Vedras frustrated the French advance into Portugal. The scorched earth policy left Napoleon's forces without supplies in unfamiliar territory."""
OL1061,The American Experiment,1826,"""Democracy in the United States represents a bold departure from European traditions of governance. Their experiment tests whether ordinary citizens can govern themselves without aristocratic guidance."""
OL1062,Principles of Geology,1832,"""Present geological processes operating over vast time periods explain Earth's features without recourse to catastrophes. The Grand Canyon exemplifies slow erosion creating features once attributed to Noah's flood."""
OL1063,Essays on Literature,1799,"""The novel has emerged as the dominant literary form of our age. Where once epic poetry captured cultural imagination"," now domestic fiction speaks to contemporary concerns."""
OL1064,The Art of Horsemanship,1773,"""A gentle hand produces a responsive mount more effectively than harsh discipline. The finest horses perform willingly rather than from fear of punishment."""
OL1065,A History of the Reformation,1792,"""Luther's challenge to indulgences struck at the Church's financial foundation rather than merely its theology. Economic factors intertwined with religious conviction in sparking the Protestant movement."""
OL1066,Memoirs of a Lady's Maid,1836,"""The household hierarchy maintained strict boundaries between upper and lower servants. A lady's maid occupied a privileged position"," privy to her mistress's secrets yet never quite accepted above stairs."""
OL1067,Principles of Modern Architecture,1828,"""Iron construction permits spans impossible with traditional materials. The Crystal Palace demonstrates how engineering advances create new aesthetic possibilities."""
OL1068,Essays on Education,1790,"""The modern university must balance classical knowledge with practical science. Greek and Latin alone no longer prepare young men for an industrial age."""
OL1069,The Factory System Examined,1829,"""Children working twelve-hour shifts develop physical deformities visible throughout manufacturing districts. Their stunted bodies and minds represent the hidden cost of our industrial prosperity."""
OL1070,A Natural History of Insects,1784,"""The metamorphosis of caterpillar to butterfly remains one of nature's most astonishing transformations. The creature liquefies within its chrysalis before reforming into an entirely different being."""
OL1071,Letters from the Continent,1777,"""Venice's glory fades visibly with each passing decade. Silted canals and crumbling palaces symbolize the Republic's declining maritime power."""
OL1072,The Coal Industry of England,1825,"""Pitmen descend daily into conditions that would horrify the general public. Children as young as eight work in darkness pulling coal carts through tunnels too narrow for adults."""
OL1073,A Treatise on Fortifications,1769,"""Star-shaped bastions represented the pinnacle of defensive architecture against cannon fire. Modern explosive shells have rendered such designs increasingly obsolete."""
OL1074,The Encyclopaedia of Domestic Economy,1835,"""The management of servants requires firm principles consistently applied. Clear expectations", fair wages," and proper separation of duties prevent household discord."""
OL1075,Studies in Magnetism,1824,"""The earth itself behaves as a massive magnet with distinct poles. This explains the consistent orientation of the compass needle regardless of location."""
OL1076,The American Wilderness,1797,"""Forests stretching beyond the horizon greeted early settlers with promises and perils in equal measure. Where Europeans saw untamed wilderness"," native inhabitants recognized carefully managed landscapes."""
OL1077,A History of British Colonies,1815,"""The loss of the American colonies taught valuable lessons in colonial administration. Increasing autonomy in Canada has prevented similar revolutionary sentiment from taking root."""
OL1078,Principles of Steam Engineering,1821,"""The double-acting cylinder doubled the efficiency of early steam engines. Watt's innovations transformed a curious scientific demonstration into the driving force of industry."""
OL1079,The Scottish Enlightenment,1803,"""Edinburgh rivaled Paris and London as a center of intellectual ferment in the previous century. The combination of practical improvement and philosophical inquiry defined the Scottish approach."""
OL1080,Naval Tactics and Strategy,1798,"""The weather gauge provides crucial advantage in ships of the line. With the wind at one's back"," a commander determines the moment of engagement."""
OL1081,Essays on Political Reform,1830,"""The Great Reform Act represents merely the first step toward genuine democracy. Property requirements still exclude the working classes from political representation."""
OL1082,The Art of Landscape Painting,1811,"""Truth to nature must guide the artist's hand rather than classical formulas. Turner's atmospheric effects capture emotional reality beyond mere topographical accuracy."""
OL1083,Principles of Modern Chemistry,1801,"""Lavoisier's oxygen theory has replaced phlogiston as the explanation for combustion. Careful measurement shows that burning materials gain rather than lose weight."""
OL1084,The Railway Age,1839,"""Steam locomotion has compressed time and space in ways previously unimaginable. A journey that once required three days by coach now takes mere hours."""
OL1085,A History of the Crusades,1780,"""Religious fervor provided the public justification while commercial interests supplied the practical motivation. Venetian merchants profited enormously from transporting crusading armies."""
OL1086,Naval Architecture,1795,"""The copper sheathing of hulls dramatically extends a vessel's service life in tropical waters. The initial expense is recovered through reduced maintenance and improved sailing performance."""
OL1087,Domestic Medicine,1769,"""Bleeding remains the primary treatment for fevers despite increasing skepticism among younger physicians. The balance of humors provides our best understanding of disease processes."""
OL1088,The Cotton Trade,1831,"""American slavery provides the raw material for English mills in a circuit of human misery. Our industrial prosperity rests upon a foundation of bondage across the Atlantic."""
OL1089,Geological Excursions,1818,"""Fossil seashells found atop mountains challenge biblical chronology. Either these peaks once lay beneath ancient seas"," or the Deluge carried marine creatures to improbable heights."""
OL1090,The Romantic Movement,1837,"""Byron's poetry captured the imagination of a generation seeking emotional authenticity. His personal scandals and political radicalism only enhanced his appeal to young readers."""
OL1091,Principles of Navigation,1781,"""The marine chronometer solved the longitude problem that had plagued seafarers for centuries. Harrison's timepieces saved countless lives by enabling precise positional calculations."""
OL1092,A Journal of the Plague Year,1775,"""The city emptied as those with means fled to country estates. Those who remained faced death with varying degrees of resignation or defiance."""
OL1093,Essays on Modern Society,1830,"""The separation of home and workplace represents a profound social transformation. Where once family members worked together"," now men depart for factories while women maintain domestic spheres."""
OL1094,The Art of Brewing,1796,"""Each region's distinctive ales reflect local water chemistry and traditional methods. Burton's gypsum-rich water produces clarity and bitterness impossible to replicate elsewhere."""
OL1095,A Study of Ancient Rome,1783,"""The Roman Senate maintained republican forms long after effective power passed to emperors. This facade of continuity eased the transition from republic to autocracy."""
OL1096,The Textile Industry Examined,1827,"""Power looms produce in minutes what once required days of handwork. A single factory now equals the output of entire weaving villages."""
OL1097,Principles of Anatomy,1808,"""The circulatory system functions as a closed hydraulic network rather than an ebb and flow. Harvey's discovery overturned centuries of Galenic teaching."""
OL1098,Essays on Gothic Architecture,1792,"""The pointed arch serves both structural and spiritual purposes in cathedral design. Its upward thrust draws the eye heavenward while distributing weight more efficiently than Roman rounded arches."""
OL1099,A Natural History of Quadrupeds,1774,"""The platypus defies conventional classification with its duck's bill and mammalian body. Australian fauna challenge European taxonomic systems based on familiar species."""
OL1100,Memoirs of Court Life,1805,"""Napoleon's coronation displayed calculated symbolism in every detail. By taking the crown from the Pope's hands to place it upon his own head"," he signaled a new relationship between church and state."""
OL1101,The Modern Farmer,1820,"""Crop rotation has transformed agricultural productivity within a generation. The Norfolk four-course system eliminates fallow years while maintaining soil fertility."""
OL1102,A Survey of English Literature,1816,"""Shakespeare's genius lies in his understanding of human nature across all social classes. Kings and gravediggers alike speak with authentic voices that resonate across centuries."""
OL1103,The Science of Meteorology,1833,"""Barometric pressure provides our most reliable indicator of approaching weather systems. A falling glass warns the prudent mariner to seek harbor."""
OL1104,Reflections on War and Peace,1815,"""The Congress of Vienna established a balance of power that may secure European stability for generations. Containing French ambitions required redrawing the continent's political map."""
OL1105,The Art of Conversation,1767,"""A well-bred person speaks neither too much nor too little in company. One should contribute without dominating and listen without appearing disengaged."""
OL1106,A History of British Agriculture,1829,"""Enclosure has transformed both landscape and social relations in rural England. Common rights have given way to scientific farming and wage labor."""
OL1107,The Steam Revolution,1834,"""Factories now cluster along riverbanks and canals not for water power but for transportation. Steam engines liberate manufacturing from geographical constraints that limited previous generations."""
OL1108,Principles of Economic Theory,1793,"""Labor rather than land creates value in manufactured goods. The workman's skill transforms raw materials into objects worth many times their original cost."""
OL1109,A Journey Through Scotland,1786,"""The Highland clearances have emptied ancient glens of their inhabitants. Sheep now graze where generations of clansmen once maintained their distinctive culture."""
OL1110,The Modern Physician's Handbook,1823,"""Germ theory offers a more convincing explanation for contagion than miasma. Microscopic examination reveals organisms invisible to the naked eye in diseased tissue."""
OL1111,Essays on Modern Poetry,1832,"""Wordsworth and Coleridge revolutionized poetic language by adopting common speech. Their deliberate rejection of ornate diction brought poetry closer to ordinary experience."""
OL1112,The East India Company,1812,"""A trading enterprise has transformed itself into a governing body controlling vast territories. British merchants now administer an empire in all but name."""
OL1113,A Natural History of Marine Life,1789,"""The depths of the ocean conceal creatures stranger than human imagination could devise. Specimens brought up from the abyss suggest entire ecosystems unknown to science."""
OL1114,The Art of Horsemanship,1778,"""A gentle hand creates a willing partner rather than a fearful servant. The finest equestrians communicate their intentions through the lightest touches."""
OL1115,Principles of Political Economy,1821,"""Free trade benefits all nations by allowing each to focus on its comparative advantages. Protectionist policies ultimately harm the very industries they purport to defend."""
OL1116,Observations on Modern Society,1817,"""The coffee house has become parliament's antechamber where policies are debated before formal proceedings. Public opinion increasingly shapes legislation through these informal discussions."""
OL1117,The American Constitution,1800,"""Checks and balances prevent any single branch from accumulating excessive power. The founders' distrust of centralized authority shaped a system designed to restrain government rather than empower it."""
OL1118,A History of English Law,1785,"""Common law evolves through precedent rather than legislative decree. Each judgment builds upon previous decisions"," creating a flexible yet coherent legal framework."""
OL1119,The Philosophy of Mind,1825,"""The relationship between brain and consciousness remains the greatest unsolved mystery in human knowledge. Physical damage to specific brain regions produces predictable mental deficits"," suggesting a material basis for thought."""
OL1120,Letters from India,1814,"""The subcontinent contains civilizations as ancient and sophisticated as any in Europe. What we perceive as exotic customs often rest upon philosophical foundations of great subtlety."""
OL1121,The Art of Gardening,1773,"""The landscape should appear natural while actually representing careful design. Each vista requires calculation of sight lines and consideration of seasonal changes."""
OL1122,A Treatise on Political Liberty,1794,"""Freedom of speech forms the cornerstone of all other liberties in a functioning democracy. When criticism of government becomes dangerous"," tyranny inevitably follows."""
OL1123,The Industrial Classes,1836,"""Factory labor creates a new social category neither peasant nor artisan. The mill worker sells time rather than finished products"," fundamentally altering the relationship between labor and capital."""
OL1124,Principles of Newtonian Physics,1780,"""Gravitational attraction operates according to mathematical laws of perfect precision. The same force that causes an apple to fall keeps the moon in its orbit around Earth."""
OL1125,A Journey Through the Alps,1808,"""The sublime grandeur of mountain landscapes inspires both terror and awe in equal measure. Man's insignificance becomes immediately apparent when confronted with such magnificent desolation."""
OL1126,The Modern Military,1819,"""Professional standing armies have replaced feudal levies throughout Europe. Officer education now emphasizes mathematics and engineering alongside traditional martial virtues."""
OL1127,Essays on Shakespeare,1797,"""The Bard's genius lies in his universal understanding of human nature. Kings and clowns alike speak with authentic voices that resonate across centuries and cultures."""
OL1128,A History of the Napoleonic Wars,1830,"""The Russian campaign revealed the limits of even Napoleon's military genius. Logistics rather than battlefield tactics ultimately determined the outcome."""
OL1129,The Philosophy of Religion,1805,"""Natural theology seeks evidence of divine design in the physical world. Paley's watchmaker argument contends that complex structures imply an intelligent creator."""
OL1130,Principles of Modern Medicine,1835,"""Germ theory provides a more convincing explanation for disease transmission than miasma. Microscopic examination reveals organisms invisible to the naked eye multiplying in infected tissue."""
OL1131,A Study of Ancient Greece,1788,"""Athenian democracy rested upon a foundation of slavery that belies our idealization of classical society. For every citizen participating in the agora"," ten slaves labored without rights or representation."""
OL1132,The Art of Rhetoric,1771,"""Persuasion requires understanding your audience's existing beliefs and values. The skilled orator leads listeners to new conclusions by beginning from shared premises."""
OL1133,The English Constitution,1809,"""Unlike written documents"," our constitution evolves through precedent and practice. Its flexibility permits adaptation to changing circumstances without formal amendment."""
OL1134,A Natural History of Mollusks,1793,"""The chambered nautilus constructs its spiral home with mathematical precision. Each new compartment maintains the same proportional relationship to the previous one."""
OL1135,Memoirs of a Military Surgeon,1815,"""Waterloo's aftermath presented a vision of hell beyond civilian comprehension. For three days we operated without rest while the wounded arrived in endless streams."""
OL1136,The Philosophy of Art,1826,"""Beauty resides not in the object itself but in the relationship between object and observer. Cultural context shapes aesthetic judgment more than absolute principles."""
OL1137,A History of British Theatre,1819,"""Shakespeare's company performed without scenery"," relying on language to create setting. Modern productions with elaborate staging sometimes obscure rather than enhance the text."""
OL1138,Principles of Chemistry,1796,"""Elements combine in fixed proportions that suggest fundamental units of matter. Dalton's atomic theory explains these consistent ratios in chemical reactions."""
OL1139,Essays on Education,1822,"""Female education builds the foundation of national character through maternal influence. A nation's moral health depends upon women's intellectual development."""
OL1140,The Machine Age,1837,"""Mechanization transfers skill from human hands to inanimate devices. Where once apprenticeship required years"," now untrained workers operate machines after minimal instruction."""
OL1141,A Journey Through Wales,1781,"""Ancient castles stand sentinel over valleys where Welsh remains the daily language. Despite centuries of English dominance"," the older culture persists in these western strongholds."""
OL1142,The Birth of Modern Science,1803,"""The Royal Society established experimentation rather than authority as the arbiter of truth. When Galileo observed Jupiter's moons"," Aristotle's centuries of dominance ended."""
OL1143,Reflections on Architecture,1790,"""Classical proportions please the eye through mathematical harmony rather than mere ornamentation. The Golden Ratio appears consistently in structures that humans find aesthetically satisfying."""
OL1144,A Study of British Birds,1812,"""The nightingale's song has inspired poets since antiquity"," yet few accurately describe its musical phrases. Its melancholy strains seem to express human emotions through avian voice."""
OL1145,The Philosophy of Law,1828,"""Justice requires equal application of rules regardless of social station. A system that punishes theft by the poor while overlooking corruption by the powerful cannot claim moral authority."""
OL1146,A History of the Italian Renaissance,1795,"""Florence's merchant princes transformed commerce into high culture through patronage. Banking fortunes funded artistic achievements that redefined Western aesthetics."""
OL1147,The Art of Fencing,1773,"""The sword represents the last vestige of aristocratic combat in an age of firearms. Dueling persists as a matter of honor despite royal prohibitions."""
OL1148,Principles of Astronomy,1827,"""Nebulae visible as faint smudges through our telescopes may represent distant island universes. Herschel's observations suggest our Milky Way represents just one galaxy among countless others."""
OL1149,A Natural History of Reptiles,1785,"""The chameleon's ability to change color serves both concealment and communication. Its independently moving eyes permit simultaneous observation in different directions."""
OL1150,The Modern Democracy,1834,"""Universal suffrage remains the unfinished business of political reform. Property requirements maintain government as the province of the wealthy despite rhetorical commitments to equality."""
